<?xml version="1.0" encoding="UTF-8"?>
<project-private xmlns="http://www.netbeans.org/ns/project-private/1">
    <editor-bookmarks xmlns="http://www.netbeans.org/ns/editor-bookmarks/2" lastBookmarkId="0"/>
    <open-files xmlns="http://www.netbeans.org/ns/projectui-open-files/2">
        <group>
            <file>file:/C:/Users/Asus/Desktop/fakeTT2_Shaun/src/com/entity/CheckInEntity.java</file>
            <file>file:/C:/Users/Asus/Desktop/fakeTT2_Shaun/src/Driver.java</file>
            <file>file:/C:/Users/Asus/Desktop/fakeTT2_Shaun/src/com/controller/CheckInController.java</file>
            <file>file:/C:/Users/Asus/Desktop/fakeTT2_Shaun/src/com/boundary/PublicUserCheckInUI.java</file>
            <file>file:/C:/Users/Asus/Desktop/fakeTT2_Shaun/src/com/boundary/PublicUserUI.java</file>
        </group>
    </open-files>
</project-private>
